Cusip,Issuer,Sector,Bloomberg_Rating,LINVEST21_Rating,LINVEST21_Score,Validation_Status,Maturity,Duration,OAS_Spread,Market_Value,Outstanding
100000001,US Treasury,Treasury,AAA,LIN-BBB-,66.63,FAILED,30.0,25.5,7.319939418114051,139144085541.68768,139798772629.55548
100000002,US Treasury,Treasury,AA+,LIN-BB+,64.72,FAILED,20.0,17.0,2.1233911067827616,78459796193.60345,77273745081.0651
100000003,US Treasury,Treasury,AAA,LIN-BB+,57.96,FAILED,5.0,4.25,6.118528947223795,69636063670.7067,70924079097.80627
100000004,US Treasury,Treasury,AAA,LIN-BB+,60.35,FAILED,7.0,5.95,0.46450412719997725,140494443797.6034,141131727785.21576
100000005,US Treasury,Treasury,AAA,LIN-BB+,60.37,FAILED,7.0,5.95,1.2203823484477883,126320997172.8027,124276536516.69052
100000006,US Treasury,Treasury,AAA,LIN-BBB-,66.65,FAILED,30.0,25.5,7.7513282336111455,183441847089.14856,190924841234.62836
100000007,US Treasury,Treasury,AAA,LIN-BB+,57.8,FAILED,5.0,4.25,0.45227288910538066,95878003479.62125,98799549614.48965
100000008,US Treasury,Treasury,AAA,LIN-BB,54.21,FAILED,2.0,1.7,8.021969807540398,62476146205.42298,61182596551.96562
100000009,US Treasury,Treasury,AAA,LIN-BB,54.08,FAILED,2.0,1.7,3.5846572854427263,67826771906.92841,67380358928.769455
100000010,US Treasury,Treasury,AAA,LIN-BB+,64.35,FAILED,10.0,8.5,6.3755747135521315,182402095380.1757,183081911386.44897
100000011,US Treasury,Treasury,AAA,LIN-BB+,60.58,FAILED,7.0,5.95,7.70967179954561,117568738562.57881,124069339454.65862
100000012,US Treasury,Treasury,AAA,LIN-BBB-,66.48,FAILED,30.0,25.5,2.4929222914887497,110890308573.39862,111557438455.34445
100000013,US Treasury,Treasury,AAA,LIN-BB+,58.07,FAILED,5.0,4.25,9.29697652342573,174352724372.799,171218056934.66254
100000014,US Treasury,Treasury,AAA,LIN-BBB-,66.68,FAILED,20.0,17.0,8.960912999234932,98703451160.85274,97700521245.77959
100000015,US Treasury,Treasury,AAA,LIN-BBB-,66.41,FAILED,20.0,17.0,0.06952130531190703,123028034278.63608,126612095386.63486
100000016,US Treasury,Treasury,AAA,LIN-BB+,60.55,FAILED,7.0,5.95,7.030189588951778,102866967794.45747,104544440356.8941
100000017,US Treasury,Treasury,AAA,LIN-BB,54.15,FAILED,2.0,1.7,6.095643339798968,124919405053.89749,125401853484.32922
100000018,US Treasury,Treasury,AAA,LIN-BB+,64.38,FAILED,10.0,8.5,7.616196153287175,83643788225.50714,85645631598.85995
100000019,US Treasury,Treasury,AAA,LIN-BB+,60.36,FAILED,7.0,5.95,0.902897700544083,171822645620.19467,175295374338.3857
100000020,US Treasury,Treasury,AAA,LIN-BB+,60.41,FAILED,7.0,5.95,2.2649577519793795,145297956529.29318,146775918561.41748
100000021,US Treasury,Treasury,AAA,LIN-BB,54.06,FAILED,2.0,1.7,3.410663510502585,68111483393.192375,67021028186.088356
100000022,US Treasury,Treasury,AAA,LIN-BB,54.22,FAILED,2.0,1.7,8.972157579533267,189900776146.52032,185062708574.49957
100000023,US Treasury,Treasury,AAA,LIN-BBB-,66.69,FAILED,20.0,17.0,8.870864242651173,164710303204.25198,166981331878.6436
100000024,US Treasury,Treasury,AAA,LIN-BB+,60.56,FAILED,7.0,5.95,6.918951976926932,145682649156.6919,147794188925.39008
100000025,US Treasury,Treasury,AAA,LIN-BB+,64.38,FAILED,10.0,8.5,6.496328990472147,180299909932.2269,177383511574.12668
100000026,US Treasury,Treasury,AAA,LIN-BBB-,66.55,FAILED,30.0,25.5,3.930977246667604,181036143865.42697,183806983276.567
100000027,US Treasury,Treasury,AAA,LIN-BB+,60.41,FAILED,7.0,5.95,1.952429877980445,154975919139.8389,158367817289.2258
100000028,US Treasury,Treasury,AAA,LIN-BB+,60.63,FAILED,7.0,5.95,9.666548190436696,197321072476.75626,194542996563.38794
100000029,US Treasury,Treasury,AAA,LIN-BB+,57.85,FAILED,5.0,4.25,1.6949274668609249,133982652369.04665,133520189368.75253
100000030,US Treasury,Treasury,AA+,LIN-BB,52.38,FAILED,2.0,1.7,5.183296523637368,182164308700.44647,181605960789.19333
100000031,US Treasury,Treasury,AAA,LIN-BB+,58.07,FAILED,5.0,4.25,8.093611554785136,173283797976.9083,171517009201.8771
100000032,US Treasury,Treasury,AAA,LIN-BBB-,66.52,FAILED,20.0,17.0,3.379951568515358,108752505824.33871,106337442895.99161
100000033,US Treasury,Treasury,AAA,LIN-BB+,60.44,FAILED,7.0,5.95,2.865412521282844,137316558090.46983,138624989085.35162
100000034,US Treasury,Treasury,AAA,LIN-BB+,64.21,FAILED,10.0,8.5,0.85347464993768,56507414282.05025,57752258175.29115
100000035,US Treasury,Treasury,AAA,LIN-BBB-,66.58,FAILED,30.0,25.5,5.163003483011953,97140499808.91293,98443470941.18689
100000036,US Treasury,Treasury,AA+,LIN-BB+,64.87,FAILED,20.0,17.0,6.95974206093698,111087439803.96506,111342941662.14047
100000037,US Treasury,Treasury,AAA,LIN-BB+,64.37,FAILED,10.0,8.5,6.601973767177313,95894431101.37726,91990084541.89143
100000038,US Treasury,Treasury,AAA,LIN-BB,53.99,FAILED,2.0,1.7,1.1607264050691624,56349334090.270256,56900396303.26291
100000039,US Treasury,Treasury,AAA,LIN-BB+,60.38,FAILED,7.0,5.95,1.7320186991001518,118834831698.96394,115077747385.69595
100000040,US Treasury,Treasury,AAA,LIN-BB+,60.6,FAILED,7.0,5.95,8.564898411883222,149193139277.08545,148804044742.84177
100000041,US Treasury,Treasury,AAA,LIN-BB+,60.44,FAILED,7.0,5.95,3.881699262065219,152742731859.39136,146493232766.35297
100000042,US Treasury,Treasury,AAA,LIN-BB+,57.81,FAILED,5.0,4.25,0.6936130087516545,65882885709.83498,65116700206.614
100000043,US Treasury,Treasury,AAA,LIN-BB,54.2,FAILED,2.0,1.7,8.144684825889358,92937111260.13692,92278216216.00998
100000044,US Treasury,Treasury,AAA,LIN-BB+,57.82,FAILED,5.0,4.25,1.7743954377972282,163591502927.63184,162592212746.12875
100000045,US Treasury,Treasury,AAA,LIN-BBB-,66.68,FAILED,30.0,25.5,8.584127518430119,116236816506.68144,114349104106.25275
100000046,US Treasury,Treasury,AAA,LIN-BB+,57.79,FAILED,5.0,4.25,0.1083765148029836,185885349803.47192,185807296462.88956
100000047,US Treasury,Treasury,AA+,LIN-BB+,58.76,FAILED,7.0,5.95,6.318372121697992,114907378945.95056,117266828296.74796
100000048,US Treasury,Treasury,AAA,LIN-BB,54.09,FAILED,2.0,1.7,4.944203047025814,59562178065.50741,58633814002.49664
100000049,US Treasury,Treasury,AAA,LIN-BB,54.01,FAILED,2.0,1.7,1.4299168205283586,161525985643.53806,164226594757.62082
100000050,US Treasury,Treasury,AAA,LIN-BB+,64.2,FAILED,10.0,8.5,0.8134878064189976,62089690236.89894,62725657112.77879
100000051,US Treasury,Treasury,AA+,LIN-BB+,62.54,FAILED,10.0,8.5,3.762595855309158,62913898084.06174,62525107504.800316
100000052,US Treasury,Treasury,AAA,LIN-BB,54.12,FAILED,2.0,1.7,4.6866064199412625,58258537632.87814,58445491352.275604
100000053,US Treasury,Treasury,AA+,LIN-BB+,56.13,FAILED,5.0,4.25,2.8571208628186073,181097901313.23245,180289869228.41904
100000054,US Treasury,Treasury,AAA,LIN-BB+,64.38,FAILED,10.0,8.5,6.957486889846171,116354055860.62181,118181159715.16599
100000055,US Treasury,Treasury,AAA,LIN-BB+,58.07,FAILED,5.0,4.25,9.504114840765588,191577877252.76053,183539567583.63745
100000056,US Treasury,Treasury,AAA,LIN-BB+,60.35,FAILED,7.0,5.95,0.7773463696498484,193807693260.05914,196159221149.925
100000057,US Treasury,Treasury,AAA,LIN-BB+,58.08,FAILED,5.0,4.25,9.109271844938425,168802530285.09958,173380586438.47534
100000058,US Treasury,Treasury,AAA,LIN-BB+,60.46,FAILED,7.0,5.95,3.8089085663102153,193652803359.84454,195487159672.19046
100000059,US Treasury,Treasury,AAA,LIN-BB+,57.81,FAILED,5.0,4.25,0.5637549665092711,179727203171.4182,179708356438.258
100000060,US Treasury,Treasury,AAA,LIN-BBB-,66.61,FAILED,30.0,25.5,6.0617463445088005,85346501225.68564,84296420825.51941
100000061,US Treasury,Treasury,AAA,LIN-BB+,64.32,FAILED,10.0,8.5,5.2030770090379335,169759434658.13333,165847758760.3459
100000062,US Treasury,Treasury,AAA,LIN-BB,53.99,FAILED,2.0,1.7,0.28782676313338973,169002498993.0892,163270588351.04285
100000063,US Treasury,Treasury,AAA,LIN-BB,54.05,FAILED,2.0,1.7,3.5058755880659698,135210319141.30063,138487653028.19495
100000064,US Treasury,Treasury,AAA,LIN-BB+,57.98,FAILED,5.0,4.25,6.220867002278735,181928445770.4799,179354556312.01178
100000065,US Treasury,Treasury,AAA,LIN-BBB-,66.57,FAILED,30.0,25.5,4.926180939928696,96721732696.03564,99312741543.12624
100000066,US Treasury,Treasury,AAA,LIN-BBB-,66.55,FAILED,20.0,17.0,4.739616402628723,147311508917.89978,150133660778.15408
100000067,US Treasury,Treasury,AAA,LIN-BB+,57.83,FAILED,5.0,4.25,1.7701048427674682,63169868111.25309,63305380063.55834
100000068,US Treasury,Treasury,AAA,LIN-BB,54.21,FAILED,2.0,1.7,7.994103989090426,140730736545.09006,144185058423.63617
100000069,US Treasury,Treasury,AAA,LIN-BB+,57.91,FAILED,5.0,4.25,3.70472102791382,118960822026.68106,122678447778.6532
100000070,US Treasury,Treasury,AAA,LIN-BB+,64.43,FAILED,10.0,8.5,8.952068376871994,126120301906.64906,126751616317.34991
100000071,US Treasury,Treasury,AAA,LIN-BB+,57.86,FAILED,5.0,4.25,2.6924323094938094,105214226452.89813,106592624465.6934
100000072,US Treasury,Treasury,AAA,LIN-BB,54.12,FAILED,2.0,1.7,5.371065418185478,140459954842.0609,138026167703.13187
100000073,US Treasury,Treasury,AAA,LIN-BB+,57.99,FAILED,5.0,4.25,6.459172413316012,131823362040.26941,135616745700.33676
100000074,US Treasury,Treasury,AAA,LIN-BB+,58.03,FAILED,5.0,4.25,8.967654246264251,61430684783.04272,62035061849.24633
100000075,US Treasury,Treasury,AAA,LIN-BB+,58.09,FAILED,5.0,4.25,9.69470433275369,177751698463.67395,179826068884.09702
100000076,US Treasury,Treasury,AAA,LIN-BB+,60.42,FAILED,7.0,5.95,2.7997909366028417,162189719175.96042,165423939978.79056
100000077,US Treasury,Treasury,AAA,LIN-BB+,57.81,FAILED,5.0,4.25,1.1483682473920354,143401410887.86688,141593006366.24487
100000078,US Treasury,Treasury,AAA,LIN-BB+,57.82,FAILED,5.0,4.25,1.3441467693897424,58064985023.44674,59506245570.91516
100000079,US Treasury,Treasury,AAA,LIN-BB+,60.48,FAILED,7.0,5.95,4.715761885501584,113066194986.43167,111776137122.09029
100000080,US Treasury,Treasury,AAA,LIN-BB,54.19,FAILED,2.0,1.7,7.4112064929005905,134526062038.68939,136170966976.98679
100000081,US Treasury,Treasury,AAA,LIN-BB+,57.86,FAILED,5.0,4.25,1.6426579793099294,173184112710.56314,172186208034.7073
100000082,US Treasury,Treasury,AAA,LIN-BB+,60.46,FAILED,7.0,5.95,3.769444294249076,118623410824.31313,119401967850.44096
100000083,US Treasury,Treasury,AAA,LIN-BBB-,66.54,FAILED,20.0,17.0,3.8389122137321143,132152750626.74692,131532929167.0983
100000084,US Treasury,Treasury,AAA,LIN-BB+,64.32,FAILED,10.0,8.5,5.334610919763215,188294821269.02222,184083887457.64365
100000085,US Treasury,Treasury,AAA,LIN-BB+,64.18,FAILED,10.0,8.5,0.3353243473577938,136781329542.30687,135483452730.69748
100000086,US Treasury,Treasury,AAA,LIN-BB,54.08,FAILED,2.0,1.7,3.9728729056036727,167864387334.2429,169594304866.93304
100000087,US Treasury,Treasury,AAA,LIN-BB+,64.36,FAILED,10.0,8.5,6.939484444671001,129375014365.98024,131408666502.13942
100000088,US Treasury,Treasury,AAA,LIN-BB+,57.97,FAILED,5.0,4.25,5.862298320167972,129649841785.03474,125883301832.6699
100000089,US Treasury,Treasury,AAA,LIN-BB+,60.55,FAILED,7.0,5.95,6.966508238768922,185396796133.19476,188374907176.59436
100000090,US Treasury,Treasury,AAA,LIN-BBB-,66.72,FAILED,30.0,25.5,9.255685129067764,120791030740.42387,117625905710.61981
100000091,US Treasury,Treasury,AAA,LIN-BB+,58.01,FAILED,5.0,4.25,8.028534485980114,49668634803.182465,50694803450.69043
100000092,US Treasury,Treasury,AAA,LIN-BB+,64.29,FAILED,10.0,8.5,4.522179408898071,83813444115.3017,83690723440.99728
100000093,US Treasury,Treasury,AAA,LIN-BB+,60.63,FAILED,7.0,5.95,9.148459010681,108218192188.06842,104359084867.49496
100000094,US Treasury,Treasury,AA+,LIN-BB+,58.76,FAILED,7.0,5.95,5.953850173200438,58732280119.230194,60061471608.26412
100000095,US Treasury,Treasury,AAA,LIN-BB+,57.8,FAILED,5.0,4.25,0.3654966784809488,119087663190.93387,120810041766.4999
100000096,US Treasury,Treasury,AAA,LIN-BB+,60.51,FAILED,7.0,5.95,5.596403313082179,75490470602.46649,73286036889.60687
100000097,US Treasury,Treasury,AAA,LIN-BB+,58.0,FAILED,5.0,4.25,6.439995432390157,113393135255.17451,111310125664.71446
100000098,US Treasury,Treasury,AAA,LIN-BB+,64.22,FAILED,10.0,8.5,1.7854466205433361,144571911958.88806,147911916177.78122
100000099,US Treasury,Treasury,AAA,LIN-BBB-,66.67,FAILED,20.0,17.0,8.302198645669916,107208324470.57672,109577529442.76822
100000100,US Treasury,Treasury,AAA,LIN-BB+,57.78,FAILED,5.0,4.25,0.26532203873819715,76737280745.4633,77215315263.46959
100000101,US Treasury,Treasury,AAA,LIN-BB+,57.87,FAILED,5.0,4.25,2.594234334312925,103624111213.01,106953861225.09004
100000102,US Treasury,Treasury,AAA,LIN-BB+,58.09,FAILED,5.0,4.25,9.484533069621566,170315576320.71176,164540869123.9641
100000103,US Treasury,Treasury,AAA,LIN-BB,54.06,FAILED,2.0,1.7,2.686773593849461,127706276720.06595,131245132199.13004
100000104,US Treasury,Treasury,AAA,LIN-BB+,57.86,FAILED,5.0,4.25,2.7230732651936895,52564467411.680374,52758601482.12001
100000105,US Treasury,Treasury,AAA,LIN-BBB-,66.48,FAILED,20.0,17.0,2.064212717606032,51913849810.35593,51649374298.77207
100000106,US Treasury,Treasury,AAA,LIN-BB+,60.45,FAILED,7.0,5.95,3.8313852824949746,130431149616.7842,127837655792.42563
100000107,US Treasury,Treasury,AAA,LIN-BB+,57.89,FAILED,5.0,4.25,2.8869373677069987,101333759744.32924,103350907469.74237
100000108,US Treasury,Treasury,AAA,LIN-BB+,64.23,FAILED,10.0,8.5,2.149403785907568,57556110100.41228,54677470259.1927
100000109,US Treasury,Treasury,AAA,LIN-BB+,60.46,FAILED,7.0,5.95,3.3424389081696084,165520922908.43207,165636830561.8733
100000110,US Treasury,Treasury,AAA,LIN-BB+,64.36,FAILED,10.0,8.5,6.946964708544268,94113966327.1063,90821770584.4944
100000111,US Treasury,Treasury,AAA,LIN-BB,54.24,FAILED,2.0,1.7,9.502373538208024,117316333961.45651,116900865943.69336
100000112,US Treasury,Treasury,AAA,LIN-BB+,64.41,FAILED,10.0,8.5,8.491956515653193,88518118255.95015,87450201328.87788
100000113,US Treasury,Treasury,AAA,LIN-BB,54.16,FAILED,2.0,1.7,7.055751725156885,189812660036.02744,188787247612.34988
100000114,US Treasury,Treasury,AA+,LIN-BB+,64.8,FAILED,30.0,25.5,4.742142166574638,183083138534.48212,179306397648.39703
100000115,US Treasury,Treasury,AAA,LIN-BB+,60.4,FAILED,7.0,5.95,2.3000883728770303,68387512569.44105,68085032866.59182
100000116,US Treasury,Treasury,AAA,LIN-BB+,60.59,FAILED,7.0,5.95,7.907231648389636,96062793187.41966,97812875439.81049
100000117,US Treasury,Treasury,AAA,LIN-BB,54.24,FAILED,2.0,1.7,8.700988739009299,53277946012.75642,53190411627.55807
100000118,US Treasury,Treasury,AAA,LIN-BBB-,66.69,FAILED,20.0,17.0,9.840834691992951,169898652027.44107,165241012079.6777
100000119,US Treasury,Treasury,AAA,LIN-BB,54.07,FAILED,2.0,1.7,3.546221576407765,91216422837.39833,93085848748.11226
100000120,US Treasury,Treasury,AAA,LIN-BB+,58.07,FAILED,5.0,4.25,9.499611839502254,168738487656.5676,167951752162.3328
100000121,US Treasury,Treasury,AAA,LIN-BB+,60.53,FAILED,7.0,5.95,6.134113892107077,75304953629.54503,75055091913.81128
100000122,US Treasury,Treasury,AAA,LIN-BB+,57.84,FAILED,5.0,4.25,1.8643826214425452,175135312775.98633,166937671035.013
100000123,US Treasury,Treasury,AAA,LIN-BBB-,66.71,FAILED,30.0,25.5,9.949078226464353,78245848451.57756,76084287382.9231
100000124,US Treasury,Treasury,AAA,LIN-BB+,57.95,FAILED,5.0,4.25,5.3697442289341355,140250969110.50323,138940990226.2555
100000125,US Treasury,Treasury,AAA,LIN-BB,54.24,FAILED,2.0,1.7,8.887480798689772,194453153192.00278,193347724734.463
100000126,US Treasury,Treasury,AAA,LIN-BB+,57.86,FAILED,5.0,4.25,2.5975378376032623,164885888779.9691,158513017053.28775
100000127,US Treasury,Treasury,AAA,LIN-BB,54.22,FAILED,2.0,1.7,8.512069140487688,130552516921.98073,124271979052.09615
100000128,US Treasury,Treasury,AAA,LIN-BB+,58.06,FAILED,5.0,4.25,8.78629986355158,173155987280.46463,169613903241.0392
100000129,US Treasury,Treasury,AAA,LIN-BBB-,66.63,FAILED,20.0,17.0,6.974714616692836,156223462803.6617,152021115764.04507
100000130,US Treasury,Treasury,AAA,LIN-BB+,58.04,FAILED,5.0,4.25,8.179670241190621,175333096798.6606,174820126693.6613
100000131,US Treasury,Treasury,AAA,LIN-BBB-,66.63,FAILED,30.0,25.5,6.3181352701666835,90119118646.10721,88970537159.62398
100000132,US Treasury,Treasury,AAA,LIN-BBB-,66.52,FAILED,30.0,25.5,3.418721660386861,145528352183.25922,144893283970.09222
100000133,US Treasury,Treasury,AAA,LIN-BB+,64.17,FAILED,10.0,8.5,0.673506014687717,140607778193.04565,137325569026.44098
100000134,US Treasury,Treasury,AAA,LIN-BB,54.07,FAILED,2.0,1.7,3.2361021914954122,124226656478.03456,123296478560.69987
100000135,US Treasury,Treasury,AAA,LIN-BBB-,66.54,FAILED,30.0,25.5,4.261813022359729,118743918539.31953,117708053649.45131
100000136,FHLMC,MBS,AAA,LIN-BBB-,67.76,FAILED,16.97002689614067,6.472217290129171,78.1618326720066,1299879127.9101524,1281720823.727646
100000137,GNMA,MBS,AA,LIN-BB+,63.11,REVIEW_REQUIRED,19.11322803523005,6.935910591839313,50.46670031575215,8918269189.662249,9046892833.11221
100000138,GNMA,MBS,AA+,LIN-BB+,60.18,FAILED,29.522901418720828,3.7421020628124846,73.43115839778054,7952716021.996596,7989371675.125675
100000139,FNMA,MBS,AAA,LIN-BBB-,65.98,FAILED,28.677540524398665,6.870045054455111,39.27294373383272,5011731532.148681,5158875616.890945
100000140,FNMA,MBS,AAA,LIN-BBB-,65.14,FAILED,19.034901066526466,6.190236402548752,45.518097946178685,5129237697.543612,5096981341.736211
100000141,FNMA,MBS,AAA,LIN-BBB-,66.65,FAILED,26.355889014168348,6.810594552154868,75.39093264923201,7425246668.763157,7518567773.137707
100000142,FNMA,MBS,AAA,LIN-BB+,60.36,FAILED,23.39473025230371,3.0390833896767346,46.3230654121996,5556200508.51127,5659404790.462402
100000143,FHLMC,MBS,AAA,LIN-BBB-,65.76,FAILED,19.83142053329003,6.909865545259143,40.042954493114706,7289690464.8606825,7238745467.404128
100000144,FHLMC,MBS,AAA,LIN-BBB-,65.48,FAILED,24.379569903209216,6.133690903766459,60.6128992940579,5507847720.59843,5359586028.166366
100000145,GNMA,MBS,AA+,LIN-BB+,63.34,FAILED,24.653665427947875,5.105610643744453,66.5794760877666,1698880954.248768,1734669838.2753062
100000146,FHLMC,MBS,AAA,LIN-BB+,62.65,FAILED,24.79894528855995,4.329258501420435,57.123931785968374,5562350637.363153,5439491621.054196
100000147,GNMA,MBS,AAA,LIN-BB+,63.65,FAILED,18.865243327668203,4.850491826957265,73.41362527041903,7471613413.594281,7544521627.896772
100000148,FNMA,MBS,AAA,LIN-BB+,63.58,FAILED,22.709938017130874,5.352233512360317,31.469722287825366,4426096184.7325535,4559636528.641137
100000149,GNMA,MBS,AAA,LIN-BBB-,65.47,FAILED,23.885254928900434,6.649453382466763,40.53310945028333,6788621784.204394,6606699252.071345
100000150,FHLMC,MBS,AAA,LIN-BB+,62.22,FAILED,29.570926410624594,3.723907810837959,72.71925466847895,5356036565.6953335,5430500708.032313
100000151,FNMA,MBS,AAA,LIN-BB+,61.7,FAILED,24.939319185124806,3.381046031818505,62.60616227652189,3889100632.018377,3809332510.268024
100000152,GNMA,MBS,AAA,LIN-BB+,62.02,FAILED,21.80684312075459,3.944201853385856,33.67483736650063,2523080700.066912,2527821145.7878666
100000153,GNMA,MBS,AAA,LIN-BB+,62.09,FAILED,29.228750322771507,4.010111128301677,47.96253739581228,4269729786.2136073,4414227309.301814
100000154,GNMA,MBS,AAA,LIN-BB+,61.65,FAILED,28.02406920769888,3.823364840147073,35.5959809698864,3439932546.507385,3427746503.6529064
100000155,GNMA,MBS,AAA,LIN-BB+,61.97,FAILED,18.3705176545902,3.720041749890894,34.42777921116207,1996001267.7722158,1929780614.116141
100000156,FNMA,MBS,AAA,LIN-BBB-,65.73,FAILED,24.586799067232505,6.4716731780800885,52.736992781692955,5363408268.371777,5640364257.213252
100000157,FNMA,MBS,AAA,LIN-BBB-,67.26,FAILED,17.153135430590893,6.759279167707367,66.64494591706709,2490974011.44785,2461437051.960888
100000158,FNMA,MBS,AAA,LIN-BBB-,66.54,FAILED,27.571729344721653,6.778456877896093,64.16240141448229,5409552851.176116,5474572876.075846
100000159,FNMA,MBS,AAA,LIN-BB+,64.01,FAILED,25.342901265473415,5.706053543108986,40.78375761988586,7156361837.325488,6929969232.093915
100000160,FNMA,MBS,AAA,LIN-BBB-,67.88,FAILED,27.99658001291468,6.973347749434514,67.62138813077863,1786965072.2107794,1814335257.5834565
100000161,FHLMC,MBS,AA+,LIN-BBB-,65.13,REVIEW_REQUIRED,21.572585196179816,6.605502598353777,73.89455795206638,3830125149.1134205,3854761450.8885875
100000162,FHLMC,MBS,AAA,LIN-BB+,64.66,FAILED,20.94259037413883,5.781868826759449,49.42790506351729,4903741292.299429,5038242603.602777
100000163,GNMA,MBS,AAA,LIN-BB+,64.83,FAILED,17.526665777140796,5.570303875788758,67.9672163961433,5572521326.555924,5504007782.176673
100000164,GNMA,MBS,AAA,LIN-BBB-,65.3,FAILED,26.473248923131926,6.251942954864374,65.90615381132471,9372892393.77433,9599713263.594412
100000165,FNMA,MBS,AAA,LIN-BB+,61.1,FAILED,22.187748441653998,3.778233292741204,38.31658038715711,6824860952.821623,6556165816.716768
100000166,FHLMC,MBS,AAA,LIN-BB+,62.93,FAILED,25.742260113347903,4.090496002934135,50.67745507626758,2129253898.8326836,2096974840.032528
100000167,GNMA,MBS,AAA,LIN-BB+,64.42,FAILED,19.42917433830465,6.173629032591349,39.26142232737048,9107426660.92467,9259772402.542397
100000168,FNMA,MBS,AAA,LIN-BBB-,66.59,FAILED,24.024177302194968,6.276755437707161,74.2103231674204,3123072876.265217,3052717947.5403924
100000169,FNMA,MBS,AA+,LIN-BB+,62.8,FAILED,18.55305838461723,6.122102060975447,43.740301777406806,8709345559.080334,8403528866.623105
100000170,GNMA,MBS,AAA,LIN-BBB-,65.7,FAILED,18.52853377202977,6.477038498604211,53.64459828165911,5727223857.859375,5818222916.583948
100000171,GNMA,MBS,AAA,LIN-BB+,63.09,FAILED,18.47920644173963,4.563623983622058,59.72381675930865,5382965238.051572,5470901729.732525
100000172,FHLMC,MBS,AA,LIN-BB+,62.64,REVIEW_REQUIRED,16.561644740762496,5.897355268514964,58.919345850320454,3429055252.361753,3467445999.038253
100000173,FNMA,MBS,AAA,LIN-BB+,63.76,FAILED,27.47794669877133,5.6784104645358475,33.49658028547171,6846883711.632813,6761514014.453494
100000174,FHLMC,MBS,AAA,LIN-BB+,64.36,FAILED,29.91209041831751,5.647356759397514,57.889170868501246,7686912859.708064,7575854592.153215
100000175,FNMA,MBS,AA,LIN-BB+,61.96,FAILED,24.524400683865498,6.0193512797633915,38.523896908695875,4802352666.931677,4685300677.046835
100000176,GNMA,MBS,AAA,LIN-BBB-,67.12,FAILED,17.28624019995626,6.969934008633501,76.35004839621476,5904570535.340622,5859614172.525037
100000177,GNMA,MBS,AAA,LIN-BB+,64.94,FAILED,27.970292880503102,5.433945650639165,55.34192159102413,2400538350.40691,2433736185.5708227
100000178,GNMA,MBS,AAA,LIN-BB+,63.4,FAILED,20.95472275611425,4.788810162019343,60.029716668030865,5506783142.452928,5641114849.268479
100000179,FHLMC,MBS,AA+,LIN-BB+,61.13,FAILED,22.517294987730146,4.588715109716844,56.98663093799714,6701178881.722077,6651550474.953723
100000180,GNMA,MBS,AA+,LIN-BB+,60.42,FAILED,21.04470268147742,3.6940980599460347,64.74755444512309,4150612168.4128337,4114897538.8400702
100000181,FHLMC,MBS,AAA,LIN-BB+,63.26,FAILED,19.70591536791144,5.425483777733502,36.95990123087649,8990557590.900051,9084354645.634354
100000182,GNMA,MBS,AAA,LIN-BB+,64.68,FAILED,29.44672667383761,5.198118143580068,78.291108057661,4926879738.485933,4892480904.971188
100000183,FHLMC,MBS,AAA,LIN-BB+,61.04,FAILED,15.00498759180734,3.070751238453029,60.127658192143244,4381182186.701413,4283183972.3007655
100000184,GNMA,MBS,AA+,LIN-BBB-,65.11,REVIEW_REQUIRED,25.4255284328783,6.934715701053655,41.95900521079628,2252809162.755614,2280244318.1847653
100000185,FNMA,MBS,AAA,LIN-BBB-,66.87,FAILED,22.641331922246845,6.986787415411907,70.69851347530094,6661119175.907631,6536974944.079099
100000186,FHLMC,MBS,AA+,LIN-BB+,61.02,FAILED,24.81113693057997,4.416944961779098,56.275231098432,5434400201.910102,5334713618.813761
100000187,FHLMC,MBS,AAA,LIN-BB+,60.02,FAILED,22.220162274529855,3.0767691072922267,42.99066043725171,7859681081.192473,7842608408.0992155
100000188,GNMA,MBS,AAA,LIN-BB+,62.38,FAILED,17.23856666925264,3.5087990507497984,73.23301960702088,3189327002.149745,3191301715.6438055
100000189,FHLMC,MBS,AA+,LIN-BB+,64.52,FAILED,26.775248157555854,6.568338755760937,77.76673432519641,8266779105.3397665,8082130476.297657
100000190,FNMA,MBS,AAA,LIN-BB+,63.47,FAILED,27.376982938930556,4.981808413843927,49.31744549241577,5010031750.673401,5051119891.777837
100000191,FNMA,MBS,AA+,LIN-BB+,63.38,FAILED,26.061506530822285,5.0488876832506975,64.01138896041766,1381572810.2499416,1375056105.4214585
100000192,GNMA,MBS,AAA,LIN-BBB-,65.22,FAILED,29.13473084509789,6.135370707070695,47.74206801284452,4831505056.379992,4709178372.3649435
100000193,GNMA,MBS,AAA,LIN-BBB-,65.78,FAILED,16.23257501214641,6.871440139380121,44.77223887387101,7697707975.402185,7923008330.543202
100000194,FNMA,MBS,AA+,LIN-BB+,62.59,FAILED,29.397397771138934,4.913021178303695,74.7907298685941,3880374859.070586,3899939531.001655
100000195,GNMA,MBS,AAA,LIN-BB+,64.95,FAILED,22.811522127513193,5.4659989075803335,37.83192184869041,1400030018.182617,1393620632.9197254
100000196,FHLMC,MBS,AAA,LIN-BB+,62.06,FAILED,29.146137566170616,3.96277084733002,36.0750688150459,2733964327.744286,2777234408.739436
100000197,GNMA,MBS,AA+,LIN-BB+,60.29,FAILED,28.189029899967572,4.033726481167273,57.20082895913758,6774734841.274424,6724636873.568426
100000198,FNMA,MBS,AAA,LIN-BB+,61.35,FAILED,17.472222235941558,3.5269150938182476,66.29899549926478,8226408192.502591,8360067968.712506
100000199,GNMA,MBS,AA+,LIN-BB+,64.36,FAILED,26.37277516614806,5.973695144306437,60.59702526686655,1992520211.5640922,1953376413.0264366
100000200,FNMA,MBS,AA+,LIN-BB+,59.61,FAILED,28.221761695125323,4.111608388995471,39.697693363388744,8876807881.614716,8918348373.47745
100000201,GNMA,MBS,AA+,LIN-BB+,61.31,FAILED,17.820371019231242,4.421538274742957,69.18958922426987,5814402684.828509,5988038627.188149
100000202,GNMA,MBS,AA,LIN-BB+,62.55,REVIEW_REQUIRED,21.729159464318137,5.888283752810948,74.30978902325373,6233422084.890295,6337399007.681057
100000203,FHLMC,MBS,AAA,LIN-BB+,61.67,FAILED,17.503276767823063,3.725277119702021,49.383679737519714,4623628592.421118,4620944122.179004
100000204,FHLMC,MBS,AA+,LIN-BB+,63.91,FAILED,22.298964933656297,5.397475862651735,60.10728220262405,1213716787.8474386,1206395301.4123783
100000205,FHLMC,MBS,AAA,LIN-BB+,62.3,FAILED,29.72953785669218,3.8393679794256377,71.25653338330577,5579868037.126407,5682669192.267887
100000206,GNMA,MBS,AAA,LIN-BBB-,65.34,FAILED,26.49882785957465,5.93446332016925,44.972175524594334,2601405003.6108203,2561320668.3936152
100000207,GNMA,MBS,AAA,LIN-BB+,62.87,FAILED,27.59703428453426,4.535331807732176,58.59361356135933,6228427731.127848,6289924247.759785
100000208,FHLMC,MBS,AA,LIN-BB+,58.98,FAILED,27.790920298135667,3.9021653197029305,48.845708236818595,4973248168.08662,5155595322.511439
100000209,FHLMC,MBS,AA+,LIN-BB+,63.3,FAILED,16.20902270635687,5.911757227895061,54.82305761776499,5020443594.132797,4931656323.536616
100000210,FNMA,MBS,AA+,LIN-BB+,58.96,FAILED,29.34921931625187,3.2758320654256847,32.852736057562716,3461961962.9545145,3539683672.238801
100000211,FHLMC,MBS,AAA,LIN-BBB-,66.04,FAILED,21.43330318291558,6.379157745144086,43.40695100477567,2458139612.1641126,2407436239.6310315
100000212,GNMA,MBS,AAA,LIN-BBB-,65.17,FAILED,15.327350951632342,5.655158744702357,78.16972171067752,5909168057.965011,6041513651.156578
100000213,FHLMC,MBS,AA,LIN-BB+,61.94,FAILED,17.174476085697258,5.90062291020446,39.55953507323945,4069205585.7667775,4044367947.9911356
100000214,FNMA,MBS,AAA,LIN-BB+,62.75,FAILED,18.411142437920685,4.615911505306193,57.12729016977114,8098619756.956593,8125299896.080165
100000215,FHLMC,MBS,AA+,LIN-BB+,64.81,FAILED,17.486618102449135,6.782792588001129,72.4987685740331,6689388562.675285,7021201035.961975
100000216,GNMA,MBS,AAA,LIN-BB+,61.9,FAILED,21.88859816395437,3.2078263102170737,69.31390996920166,2927998861.1295843,2812274039.2237697
100000217,FHLMC,MBS,AA+,LIN-BB+,60.53,FAILED,15.269185178527378,3.505015131170454,62.98146831973711,2532270317.730268,2454578301.572843
100000218,FNMA,MBS,AAA,LIN-BBB-,65.25,FAILED,20.8609254842042,6.193376752897313,48.59663339584324,5269803598.002834,5065271373.085144
100000219,FHLMC,MBS,AAA,LIN-BB+,63.49,FAILED,16.410541566513995,4.426683896567059,67.87409423947088,3561198570.3897867,3487975215.2505646
100000220,GNMA,MBS,AAA,LIN-BBB-,65.46,FAILED,20.446511049510157,6.588745363858475,38.44271033388431,5681780802.213972,5563459934.78897
100000221,GNMA,MBS,AA+,LIN-BB+,63.92,FAILED,19.697429922259236,6.194373089531005,78.38779385516943,8771126618.410778,8711865424.675846
100000222,FHLMC,MBS,AAA,LIN-BB+,63.73,FAILED,29.696736867817826,5.624536072082323,36.49132244758588,7175857729.916902,7181748979.075261
100000223,FNMA,MBS,AA,LIN-BB+,62.41,REVIEW_REQUIRED,19.44734671924973,6.672831998491101,35.5374222659479,7628121061.586974,7836241691.031687
100000224,FNMA,MBS,AAA,LIN-BB+,61.56,FAILED,16.694148126167605,3.3487178713273247,65.95387236769278,4726854964.836488,4781068550.629524
100000225,GNMA,MBS,AAA,LIN-BB+,63.26,FAILED,24.313928512176467,4.409499786438618,72.072377654238,5245562914.961043,5241584506.583482
100000226,GNMA,MBS,AAA,LIN-BB+,64.94,FAILED,17.62322155763939,6.422949035623145,41.358977851175744,8398531559.638352,8533370127.1864605
100000227,FHLMC,MBS,AAA,LIN-BB+,61.53,FAILED,20.405667298955215,3.2740216265079183,68.15776456294446,4706789679.553114,4674757084.835059
100000228,GNMA,MBS,AA+,LIN-BB+,63.81,FAILED,28.607925460587445,5.682929247623337,58.022031549021996,1975152848.74866,1998905222.9213295
100000229,GNMA,MBS,AAA,LIN-BBB-,66.72,FAILED,21.19141693899039,6.209417316637056,53.95350315516756,1152574069.2170541,1162000800.506935
100000230,FHLMC,MBS,AA,LIN-BB+,60.49,FAILED,25.90006488105485,4.219004381544533,71.46973324294234,3596219518.732087,3533690785.7343698
100000231,FNMA,MBS,AAA,LIN-BB+,62.88,FAILED,22.031519481967585,4.2050610430400015,59.917874214887945,3752326344.1587534,3675140269.377555
100000232,GNMA,MBS,AA+,LIN-BB+,62.89,FAILED,24.39264257389707,5.125266082272237,71.90760917759621,3631768411.247267,3567613045.2158475
100000233,FNMA,MBS,AAA,LIN-BBB-,66.59,FAILED,15.954613639299636,6.325494057542839,59.94892540886053,2074075755.6686807,2034396973.5361016
100000234,FHLMC,MBS,AAA,LIN-BB+,64.97,FAILED,21.518939412880677,6.0955186229206255,60.09617155075658,9213552782.793161,9032709609.593615
100000235,FNMA,MBS,AAA,LIN-BB+,64.58,FAILED,24.594083417665228,5.7057054493535695,36.584671923601924,3051970827.917267,3107660021.339371
100000236,FHLMC,MBS,AAA,LIN-BB+,63.89,FAILED,18.815873712627706,4.447412372820555,53.62466775032568,1410280431.7497466,1410838709.5214536
100000237,FNMA,MBS,AAA,LIN-BB+,63.39,FAILED,24.337795435946177,4.878975051962735,52.373407066122894,5370034052.101383,5268595783.881345
100000238,FNMA,MBS,AAA,LIN-BB+,62.88,FAILED,23.58072965053951,5.050670903825665,44.67444116040608,9439983069.67594,9385783474.895348
100000239,GNMA,MBS,AAA,LIN-BB+,63.1,FAILED,28.1979401604174,5.299118217057661,31.48341115323699,7069711074.3473625,7078781867.923803
100000240,FNMA,MBS,AAA,LIN-BB+,62.44,FAILED,24.118578211360557,4.237490871451128,71.18951921106473,9459412556.818895,9595544603.3649
100000241,GNMA,MBS,AAA,LIN-BB+,62.03,FAILED,28.07396590932346,4.026776913240184,63.26460509890276,8093230093.26639,8203193911.21066
100000242,GNMA,MBS,AAA,LIN-BBB-,66.27,FAILED,20.321569377539763,6.7669028464757,63.428632336145704,7420654709.7093,7108029610.053082
100000243,FHLMC,MBS,AAA,LIN-BB+,60.86,FAILED,16.73606410018058,3.6172862611323175,38.592424066354724,6769193736.18757,6740893833.972705
100000244,GNMA,MBS,AAA,LIN-BB+,60.21,FAILED,23.65799830101826,3.1749562892357894,36.15016475618728,6138396809.74555,6027781568.053828
100000245,FHLMC,MBS,AA+,LIN-BB+,60.58,FAILED,27.777618553109214,4.6155914566804945,33.880732236572044,5913677873.89713,5882809316.790263
100000246,FNMA,MBS,AAA,LIN-BB+,62.84,FAILED,21.464778307699444,4.275467273284555,59.109937329705694,4225214215.099887,4340551810.938648
100000247,FNMA,MBS,AAA,LIN-BB+,60.75,FAILED,24.686107651434185,3.179113802018673,68.09534100662077,9563144179.913532,9519799905.941916
100000248,FNMA,MBS,AAA,LIN-BBB-,65.68,FAILED,22.96628017327864,6.366893446978704,59.01107593925147,5977033186.090529,6037196003.541459
100000249,FHLMC,MBS,AAA,LIN-BB+,63.73,FAILED,15.464336863790153,4.551947039787478,38.001246823159704,1203905128.1950748,1210168866.9536731
100000250,FNMA,MBS,AA,LIN-BB+,61.13,FAILED,22.11009642724734,4.776510852663007,79.74289865296608,5873513594.918097,5908430090.964723
100000251,FHLMC,MBS,AAA,LIN-BB+,61.53,FAILED,23.121114110213778,3.6165801727139484,57.68557426790056,5950318697.117366,5875343311.690037
100000252,FNMA,MBS,AAA,LIN-BB+,63.87,FAILED,22.611695491796134,5.709549286074868,41.751860740191255,8384200398.414133,8476196594.680692
100000253,FNMA,MBS,AA,LIN-BB+,60.06,FAILED,24.393514821315957,4.955591327169806,50.08894003271621,10002684676.88741,9944635500.097284
100000254,FNMA,MBS,AAA,LIN-BB+,62.95,FAILED,22.1331905623024,5.172098335830652,41.38748680516048,9894431845.504974,9676259624.489624
100000255,FNMA,MBS,AA+,LIN-BB+,61.24,FAILED,26.18790057940518,5.1972899176126965,32.88705259345869,7052179082.916904,7126803036.64437
100000256,GNMA,MBS,AAA,LIN-BB+,61.54,FAILED,20.629948618794028,4.14313422210348,40.16115455430436,7860720782.12279,7856183722.399275
100000257,GNMA,MBS,AAA,LIN-BB+,63.11,FAILED,28.416788352363483,4.823917103039747,52.17279181909521,6583474912.18533,6419052868.193016
100000258,FNMA,MBS,AAA,LIN-BB+,64.86,FAILED,27.704532813105907,6.572360820781659,33.122879680953574,8949799153.238129,8951182866.874546
100000259,FHLMC,MBS,AA,LIN-BB+,62.0,REVIEW_REQUIRED,22.152652024767256,5.750888169722243,66.13534788491143,7173488703.734796,7232791883.833972
100000260,FNMA,MBS,AAA,LIN-BBB-,65.56,FAILED,26.900910214580215,6.962184131080534,40.03255087018806,9846038405.897814,9951837774.039982
100000261,Wells Fargo Corp,Corporate,AA,LIN-BBB,70.74,REVIEW_REQUIRED,25.1920191703781,18.894014377783574,62.708748099125444,3660757101.7955413,3650154227.4744697
100000262,Berkshire Corp,Corporate,A,LIN-BB+,60.5,REVIEW_REQUIRED,4.782265791786523,3.5866993438398924,88.11370118500058,4111577348.1026783,4137058445.0415
100000263,BofA Corp,Corporate,AA,LIN-BBB-,67.73,REVIEW_REQUIRED,9.540242881263307,7.15518216094748,42.50986666387162,3690214712.163277,3695495253.89768
100000264,BofA Corp,Corporate,A,LIN-BBB,68.87,PASSED,13.937772752244292,10.45332956418322,95.82413243783532,2677458159.7454753,2643966438.5470624
100000265,J&J Corp,Corporate,BBB+,LIN-BBB,70.11,PASSED,23.509508574894504,17.632131431170876,158.97086544679362,4326434163.442324,4401200607.583476
100000266,Microsoft Corp,Corporate,BBB+,LIN-BBB+,72.24,PASSED,22.276721077677923,16.707540808258443,157.14536654034328,3016443602.601352,2986254353.335501
100000267,BofA Corp,Corporate,A,LIN-BBB+,73.36,PASSED,26.813788582484168,20.110341436863127,108.34326368496254,1749934629.4473426,1721961713.3505907
100000268,Microsoft Corp,Corporate,BBB,LIN-BBB+,72.12,PASSED,22.08836516130434,16.566273870978254,167.1232508943797,980093618.3446926,958515746.2970608
100000269,Berkshire Corp,Corporate,A,LIN-BBB-,67.64,PASSED,28.46056305403315,21.345422290524862,71.80659057984967,4601352597.195508,4713445192.861205
100000270,Goldman Corp,Corporate,BBB+,LIN-BB+,58.77,PASSED,3.1178082805583456,2.338356210418759,157.83365521872014,3441606747.5276833,3498734361.101929
100000271,JPMorgan Corp,Corporate,AA-,LIN-BBB+,72.21,PASSED,29.985588701822028,22.489191526366522,69.9473801198719,2189719375.9015913,2233040539.56125
100000272,JPMorgan Corp,Corporate,BBB+,LIN-BB+,59.62,PASSED,4.413585545061755,3.3101891587963164,143.2012738646548,4321811229.397224,4199809490.6739054
100000273,Wells Fargo Corp,Corporate,A-,LIN-BBB,71.51,PASSED,24.498496080197068,18.3738720601478,130.09329324476178,1062254643.7495463,1065759210.465018
100000274,J&J Corp,Corporate,BBB+,LIN-BBB,70.48,PASSED,12.930221669416127,9.697666252062096,123.84227825050652,4269800577.128585,4259661015.8398747
100000275,Apple Corp,Corporate,A,LIN-BBB-,66.93,PASSED,10.200230309873394,7.6501727324050455,109.25545255481045,692506951.5849079,687455682.7220709
100000276,Apple Corp,Corporate,A,LIN-BBB,71.99,PASSED,29.352373228538767,22.014279921404075,110.09291853950229,1053253302.725437,1040932531.0425932
100000277,J&J Corp,Corporate,A,LIN-BBB,70.56,PASSED,29.303249983041642,21.977437487281232,102.60012496555612,4031265860.6309886,4011692556.0694118
100000278,Goldman Corp,Corporate,AA,LIN-BBB,70.38,REVIEW_REQUIRED,19.28887875430346,14.466659065727596,49.397142989097055,3519381878.3392253,3522390266.957134
100000279,Berkshire Corp,Corporate,A-,LIN-BBB,70.81,PASSED,28.994745456836565,21.746059092627423,116.9140861375804,1494530397.0527985,1514215706.0304463
100000280,JPMorgan Corp,Corporate,BBB,LIN-BBB,70.79,PASSED,24.900341788203715,18.675256341152785,160.52809672418056,3645113862.7838364,3533586329.9122834
100000281,Goldman Corp,Corporate,A,LIN-BBB,69.84,PASSED,22.10847645722324,16.58135734291743,83.66379825778293,4795711326.377385,4810703544.755466
100000282,J&J Corp,Corporate,BBB+,LIN-BBB,71.02,PASSED,28.07382774940184,21.05537081205138,154.2260259574406,1352519663.684113,1311385709.4025016
100000283,Apple Corp,Corporate,A-,LIN-BBB,70.99,PASSED,29.86449697177751,22.39837272883313,84.36500983361077,3507482729.625519,3466011940.1128693
100000284,Morgan Stanley Corp,Corporate,A,LIN-BBB-,66.88,PASSED,8.916171945688337,6.687128959266253,112.34843317520235,1290347467.9674008,1292429620.987676
100000285,Microsoft Corp,Corporate,A,LIN-BBB,69.46,PASSED,13.60543194685227,10.204073960139203,106.1148438043742,1915040025.4926128,1894999717.273052
100000286,Microsoft Corp,Corporate,BBB-,LIN-BBB,70.66,PASSED,16.47018294247043,12.352637206852823,229.27732570684714,1522700656.7339272,1529045508.2162395
100000287,Wells Fargo Corp,Corporate,BBB,LIN-BBB-,65.13,PASSED,9.85316911023076,7.389876832673071,171.64079549455948,4394022754.767225,4525892589.099356
100000288,JPMorgan Corp,Corporate,A-,LIN-BBB,69.21,PASSED,23.365154280369612,17.52386571027721,92.00190072959076,4125458006.9507914,4043970886.364507
100000289,Microsoft Corp,Corporate,BBB+,LIN-BBB,69.07,PASSED,26.68860152954202,20.016451147156516,157.30746660330288,1549233580.6032395,1529124842.3016415
100000290,Wells Fargo Corp,Corporate,BBB+,LIN-BBB,70.11,PASSED,16.950856401109228,12.71314230083192,137.92336140170562,2128741847.1019673,2088726762.201361
100000291,Microsoft Corp,Corporate,A-,LIN-BBB,71.59,PASSED,18.960518187979943,14.220388640984957,111.73918206456733,4258403320.286233,4347635907.289708
100000292,Berkshire Corp,Corporate,BBB,LIN-BBB,68.87,PASSED,23.82031602800094,17.865237021000702,165.71731789890976,4479018104.464982,4441473875.826757
100000293,J&J Corp,Corporate,AA,LIN-BB+,62.59,REVIEW_REQUIRED,3.0003141383948857,2.250235603796164,70.35355200570409,707691458.6226773,745854890.0043753
100000294,Berkshire Corp,Corporate,AAA,LIN-BBB,68.44,FAILED,9.055924048696216,6.791943036522162,58.26060354627445,4388775963.916599,4317914205.907361
100000295,JPMorgan Corp,Corporate,BBB+,LIN-BBB+,72.2,PASSED,13.015407220259661,9.761555415194746,171.89597812556912,3355032011.1585317,3474564144.1129413
100000296,Goldman Corp,Corporate,A+,LIN-BBB,71.81,PASSED,19.96771928031297,14.975789460234727,51.389893203703785,4743402166.07856,4771438820.917305
100000297,Goldman Corp,Corporate,BBB,LIN-BBB,71.7,PASSED,29.25533997408279,21.941504980562094,161.9135680731669,1306135343.8008862,1310880893.5766656
100000298,Goldman Corp,Corporate,AA,LIN-BBB+,73.62,PASSED,12.061482265285752,9.046111698964314,75.87310570415862,3086131109.4363413,3029327574.8115697
100000299,Berkshire Corp,Corporate,A+,LIN-BB+,59.64,REVIEW_REQUIRED,3.6802221768991927,2.7601666326743945,62.231893799787855,3645699895.1822734,3671919545.1952176
100000300,Apple Corp,Corporate,AA,LIN-BBB+,74.5,PASSED,16.02113775380919,12.015853315356892,66.3081766384218,4114472908.7159996,4139554930.5359225
100000301,Goldman Corp,Corporate,BBB,LIN-BBB-,65.83,PASSED,9.762633267397472,7.321974950548104,196.67367985697953,4412099128.840036,4247736695.5472198
100000302,J&J Corp,Corporate,A,LIN-BBB,71.52,PASSED,19.774896124339474,14.831172093254605,118.26622728476801,2280071088.6719317,2320373235.0824137
100000303,Microsoft Corp,Corporate,A,LIN-BBB+,72.09,PASSED,13.29890811815941,9.974181088619558,91.61507908177003,4041784762.155393,4014481521.2674613
100000304,Morgan Stanley Corp,Corporate,A,LIN-BB+,58.78,REVIEW_REQUIRED,3.3099778132332016,2.482483359924901,106.07371148438695,963229860.2866926,964046130.836341
100000305,Berkshire Corp,Corporate,A+,LIN-BBB,70.22,PASSED,12.356152534723392,9.267114401042544,62.55206117364881,1405485565.615193,1423998224.180599
100000306,Walmart Corp,Corporate,BBB+,LIN-BBB,71.81,PASSED,19.07471085398231,14.306033140486733,148.25055101399408,3578576736.4967623,3631088649.449502
100000307,Walmart Corp,Corporate,BBB+,LIN-BB+,64.73,PASSED,9.774112233659768,7.330584175244826,167.8486709586175,3310821609.085201,3245033376.8576856
100000308,Apple Corp,Corporate,BBB,LIN-BBB,70.54,PASSED,15.125288115295563,11.343966086471672,160.55964569622913,4773683787.324248,4725756931.852342
100000309,Berkshire Corp,Corporate,BBB+,LIN-BBB,68.42,PASSED,17.63373202202368,13.22529901651776,161.3685809416652,3939026931.44226,3827337034.2409034
100000310,Microsoft Corp,Corporate,BBB+,LIN-BBB+,72.5,PASSED,23.206377441258248,17.404783080943687,148.02791106492498,1691696583.233833,1664202389.699484
100000311,Apple Corp,Corporate,BBB+,LIN-BBB,69.59,PASSED,21.10823918532279,15.831179388992094,135.63437626665393,3487729423.3967757,3442973415.5291057
100000312,Microsoft Corp,Corporate,BBB+,LIN-BBB,68.62,PASSED,11.991941538745756,8.993956154059317,145.94069130708095,2769324802.9714108,2720754464.694837
100000313,BofA Corp,Corporate,A-,LIN-BBB,69.85,PASSED,17.079123652505764,12.809342739379323,117.22438916008794,4585912225.346936,4643449738.085108
100000314,Walmart Corp,Corporate,A,LIN-BB+,59.68,REVIEW_REQUIRED,3.9452136997837526,2.958910274837814,93.6940731645756,4552528786.568585,4431753140.820013
100000315,J&J Corp,Corporate,A-,LIN-BBB,70.93,PASSED,14.323519515008234,10.742639636256175,142.4855160698914,3194831217.173921,3194804300.3574753
100000316,Wells Fargo Corp,Corporate,A-,LIN-BB+,59.66,REVIEW_REQUIRED,5.845616888910741,4.384212666683056,112.60315766400342,3547842712.1849074,3448281715.359521
100000317,Morgan Stanley Corp,Corporate,AA,LIN-BBB,71.35,REVIEW_REQUIRED,23.162969267410386,17.37222695055779,72.13339380159015,2535315083.930864,2507905494.398947
100000318,Morgan Stanley Corp,Corporate,A+,LIN-BBB,71.19,PASSED,24.310906904631512,18.233180178473635,93.23325752976046,4763254704.786463,4787667576.511277
100000319,Apple Corp,Corporate,BBB-,LIN-BBB,71.55,PASSED,27.39607797267832,20.547058479508742,224.62391260843737,3899414400.062683,4075185351.4182076
100000320,Walmart Corp,Corporate,A-,LIN-BBB+,73.13,PASSED,15.39810931077917,11.548581983084377,143.92101010975375,2203102401.798445,2231616277.4949646
100000321,J&J Corp,Corporate,BBB,LIN-BBB,69.84,PASSED,16.903200447658005,12.677400335743503,175.7847052909262,2112020431.542229,2094220972.4774706
100000322,BofA Corp,Corporate,BBB+,LIN-BBB,71.29,PASSED,13.557887466439764,10.168415599829823,138.94520729374867,4752056917.0718565,4819382612.210549
100000323,JPMorgan Corp,Corporate,A-,LIN-BBB,70.35,PASSED,14.120347991272391,10.590260993454294,108.64034229483059,1999571074.193731,1973984743.310596
100000324,Apple Corp,Corporate,BBB-,LIN-BBB,70.03,PASSED,28.194435329024326,21.145826496768244,225.31926352026915,2802759202.266509,2805281407.595683
100000325,BofA Corp,Corporate,BBB,LIN-BB+,59.66,PASSED,3.489349108234703,2.6170118311760273,219.31189636544963,3253908329.6987433,3327919054.7656417
100000326,Wells Fargo Corp,Corporate,BBB+,LIN-BBB,70.93,PASSED,15.556491704117398,11.667368778088049,145.99644668758103,1080467115.388895,1073238872.001527
100000327,Goldman Corp,Corporate,BBB,LIN-BBB,69.3,PASSED,15.590363415784593,11.692772561838444,177.23123005132027,4058445135.8451085,4115919467.5817156
100000328,Goldman Corp,Corporate,BBB,LIN-BBB,69.97,PASSED,25.894052861610408,19.420539646207807,185.41018763539495,2528878706.7973466,2527153571.617679
100000329,Morgan Stanley Corp,Corporate,BBB-,LIN-BBB-,67.3,PASSED,8.943005799428335,6.707254349571251,201.18551705596371,785406022.6587018,809211549.7578244
100000330,Microsoft Corp,Corporate,BBB+,LIN-BBB,71.43,PASSED,16.067712940853173,12.050784705639881,154.02800979697213,823265425.1506691,799084965.9932245
100000331,BofA Corp,Corporate,BBB+,LIN-BBB,69.65,PASSED,23.47955078474255,17.609663088556914,137.98528810023438,3586060197.1907687,3481177761.2372365
100000332,JPMorgan Corp,Corporate,A+,LIN-BBB,71.18,PASSED,23.90617243950407,17.92962932962805,87.05914203517433,4003138118.2044954,3912202814.2522664
100000333,Wells Fargo Corp,Corporate,A,LIN-BBB-,67.8,PASSED,9.520516955806503,7.140387716854877,94.44237852114956,4456375133.63718,4585273312.4759035
100000334,JPMorgan Corp,Corporate,BBB+,LIN-BBB,69.7,PASSED,20.806790753300795,15.605093064975597,140.13248169221794,3677407838.2339144,3615615151.0747614
100000335,J&J Corp,Corporate,A,LIN-BB+,64.97,PASSED,8.905321550944038,6.678991163208028,77.11105421841106,3521850253.248097,3478860251.5724087
100000336,Berkshire Corp,Corporate,A+,LIN-BBB,71.29,PASSED,23.19164150912594,17.393731131844454,78.84047962028798,2561693862.8647866,2587955591.5899124
100000337,Wells Fargo Corp,Corporate,BBB,LIN-BBB,69.09,PASSED,24.16185450346573,18.121390877599296,159.6326630694367,2795751348.9300003,2813904680.042026
100000338,Wells Fargo Corp,Corporate,AA-,LIN-BBB+,73.85,PASSED,18.57096476915942,13.928223576869566,81.35183019980472,4414525530.495314,4361104719.532532
100000339,J&J Corp,Corporate,AA+,LIN-BBB+,74.54,REVIEW_REQUIRED,18.286878663076912,13.715158997307684,66.22650091509243,1503558335.6069715,1544081811.3896482
100000340,Morgan Stanley Corp,Corporate,BBB,LIN-BBB,69.75,PASSED,19.86457929909235,14.898434474319263,183.73962893462593,3179370603.3809214,3114276709.496807
100000341,JPMorgan Corp,Corporate,A+,LIN-BBB,71.75,PASSED,13.236446776142468,9.92733508210685,105.84933050331736,3247888479.5881205,3348826940.7478085
100000342,Morgan Stanley Corp,Corporate,BBB,LIN-BBB,69.47,PASSED,19.015271914065643,14.261453935549232,179.007850726895,3490344685.4973373,3536538359.7533474
100000343,J&J Corp,Corporate,A+,LIN-BBB+,73.66,PASSED,20.39493153857191,15.296198653928933,109.12583967035789,4175598769.5735507,4146163640.1478906
100000344,Apple Corp,Corporate,BBB+,LIN-BB+,64.06,PASSED,7.582667571576925,5.687000678682693,173.3124063107216,4344655926.408536,4271697387.448891
100000345,J&J Corp,Corporate,AA-,LIN-BBB+,73.07,PASSED,20.34959547873812,15.26219660905359,72.57192761839896,921518379.647849,927087985.703058
100000346,Apple Corp,Corporate,A+,LIN-BBB+,72.14,PASSED,26.78627115227075,20.08970336420306,89.97913835000296,1473728110.349513,1450543241.6281896
100000347,JPMorgan Corp,Corporate,BBB,LIN-BBB-,66.78,PASSED,8.838129246450052,6.628596934837539,192.99479925393086,3391098905.5859776,3285462041.1436467
100000348,Apple Corp,Corporate,A,LIN-BBB,71.79,PASSED,28.325061248715144,21.24379593653636,96.91210853679489,807418237.3317845,819657000.6980095
100000349,Morgan Stanley Corp,Corporate,A,LIN-BBB+,73.54,PASSED,14.83833131176561,11.128748483824207,105.00518589918096,1247610648.4960842,1247098206.3928735
100000350,Wells Fargo Corp,Corporate,A+,LIN-BBB,71.19,PASSED,9.92450264745268,7.44337698558951,105.53882196132814,763745030.3324401,781541789.9875321
100000351,Wells Fargo Corp,Corporate,A,LIN-BB+,62.65,REVIEW_REQUIRED,5.233894561691127,3.925420921268345,71.22850599244312,3026225300.302783,3035337640.1773434
100000352,Wells Fargo Corp,Corporate,A-,LIN-BBB-,66.76,PASSED,10.388291282240834,7.791218461680625,107.30030626700457,2566861796.2733297,2568128257.4613037
100000353,Goldman Corp,Corporate,A-,LIN-BBB,71.07,PASSED,12.370683949483665,9.278012962112749,123.27113262979086,3490369377.32424,3488907708.8230357
100000354,Morgan Stanley Corp,Corporate,BBB-,LIN-BBB,71.75,PASSED,16.213598509977896,12.16019888248342,219.21393324133797,2765460145.7810354,2674313884.911508
100000355,BofA Corp,Corporate,A,LIN-BBB,70.82,PASSED,14.23592492629638,10.676943694722286,113.88097136195087,4507339955.840098,4504476769.13069
100000356,Walmart Corp,Corporate,A-,LIN-BBB+,73.68,PASSED,17.9218812299722,13.44141092247915,142.15401639177412,1108985532.7167044,1135505945.1791725
100000357,Walmart Corp,Corporate,A+,LIN-BBB,68.18,PASSED,10.714104326844039,8.03557824513303,68.4270581040622,2195106815.8454967,2185467095.2081156
100000358,J&J Corp,Corporate,A-,LIN-BBB,71.53,PASSED,21.1646445891366,15.87348344185245,109.76413508571157,4373310929.504169,4433322979.873333
100000359,Microsoft Corp,Corporate,BBB,LIN-BBB,70.99,PASSED,13.166317770311055,9.874738327733292,168.48868499892487,2942031626.2251334,2994518634.531552
100000360,BofA Corp,Corporate,BBB-,LIN-BBB-,66.63,PASSED,8.603605277553994,6.452703958165495,224.3828909248956,2596545991.387392,2606310744.0543056
100000361,Microsoft Corp,Corporate,A-,LIN-BBB,70.07,PASSED,22.010248325676155,16.507686244257116,117.40018268624178,3731325615.0906205,3686548257.0528145
100000362,Apple Corp,Corporate,AA,LIN-BBB+,72.77,PASSED,19.608486794612396,14.706365095959297,60.31920655656095,2804612484.5744853,2755740400.815782
100000363,JPMorgan Corp,Corporate,A+,LIN-BBB-,65.84,REVIEW_REQUIRED,8.818520489423879,6.613890367067909,78.57482140441208,3817269923.8045397,3980214715.0201235
100000364,JPMorgan Corp,Corporate,A+,LIN-BB+,63.08,REVIEW_REQUIRED,6.388130013577069,4.7910975101828015,74.0356558642679,3602055297.870947,3548269084.4999275
100000365,J&J Corp,Corporate,AA,LIN-BBB+,72.79,PASSED,14.640034937619134,10.98002620321435,56.298740068516864,2361282477.106668,2383620284.8917007
100000366,BofA Corp,Corporate,AA,LIN-BBB+,73.73,PASSED,19.509517503092844,14.632138127319633,42.4160932066275,4415501445.192813,4316491557.570335
100000367,Berkshire Corp,Corporate,BBB-,LIN-BBB,69.17,PASSED,17.661578633402634,13.246183975051975,207.7968436840312,3917407192.616938,4075163680.3407774
100000368,Morgan Stanley Corp,Corporate,BBB,LIN-BBB+,72.98,PASSED,25.53343833690195,19.15007875267646,189.60719692801234,775173318.705082,778138073.1015018
100000369,Microsoft Corp,Corporate,A-,LIN-BB+,60.84,PASSED,3.135716920464684,2.351787690348513,100.29577280881401,1319520302.882079,1297366254.55036
100000370,JPMorgan Corp,Corporate,BBB,LIN-BBB,70.42,PASSED,20.91513703566321,15.686352776747409,154.3892327618402,4341419994.69445,4480640997.033262
100000371,JPMorgan Corp,Corporate,A+,LIN-BBB+,73.76,PASSED,14.608855734055187,10.95664180054139,88.4397119265197,1857264641.4020588,1795754042.0419662
100000372,J&J Corp,Corporate,A-,LIN-BBB,70.74,PASSED,13.53324633658516,10.14993475243887,113.83413312199434,1476711547.0854616,1480589187.1340606
100000373,Wells Fargo Corp,Corporate,BBB,LIN-BBB,70.39,PASSED,27.25643459776894,20.442325948326705,155.17668845657556,538115290.7343155,548649876.3583835
100000374,BofA Corp,Corporate,BBB+,LIN-BB+,60.34,PASSED,5.488534878755672,4.116401159066754,128.63124540403362,4570762878.03524,4530640834.397176
100000375,BofA Corp,Corporate,BBB,LIN-BBB,71.39,PASSED,18.335306027534173,13.75147952065063,185.01264625867347,4171337927.5561986,4184331032.6782284
100000376,TVA,Agency,AAA,LIN-BB+,57.79,FAILED,2.218000095606521,1.9962000860458688,30.707594556643585,5150022186.176323,5146937581.1808605
100000377,FFCB,Agency,AA+,LIN-BB+,60.36,FAILED,5.818803184979211,5.236922866481289,25.52457328005047,7762734542.870008,7888636134.622796
100000378,FHLB,Agency,AAA,LIN-BB+,61.13,FAILED,4.86667725337339,4.380009528036051,42.38677334209726,11677168261.6721,11748075270.67911
100000379,TVA,Agency,AAA,LIN-BBB-,66.62,FAILED,9.460439027354496,8.514395124619048,18.559312972247408,18904788278.355164,18741239037.02793
100000380,TVA,Agency,AAA,LIN-BB+,59.73,FAILED,3.9981772995721583,3.5983595696149426,34.62480462858295,12903084952.21369,12765541609.018051
100000381,FHLBanks,Agency,AAA,LIN-BBB,68.39,FAILED,9.507857265713238,8.557071539141914,34.85333197414916,2486294970.9137497,2459257917.974009
100000382,TVA,Agency,AA+,LIN-BB+,58.54,FAILED,4.5572164423365,4.10149479810285,28.14530149999066,18062774728.846497,18085946819.569103
100000383,FHLBanks,Agency,AAA,LIN-BB+,61.66,FAILED,5.162074523449262,4.645867071104336,20.453366016520857,4110148227.7248917,3979441401.019308
100000384,FFCB,Agency,AAA,LIN-BB+,61.19,FAILED,4.541557580377297,4.087401822339568,44.060238167230715,6091525457.832832,5984516368.837968
100000385,TVA,Agency,AAA,LIN-BB+,61.46,FAILED,5.225685065470582,4.703116558923524,37.57193646911364,10952770126.517109,11094586348.667706
100000386,FHLB,Agency,AA+,LIN-BB+,61.8,FAILED,7.264439870889766,6.537995883800789,15.241773100263593,18770190784.061485,18920321636.264416
100000387,FFCB,Agency,AAA,LIN-BB+,62.27,FAILED,6.112763540410078,5.50148718636907,24.25404844468452,12263167137.0099,11887801811.761297
100000388,FHLB,Agency,AAA,LIN-BB+,64.78,FAILED,7.5735608914939885,6.81620480234459,24.730374230851673,5493213445.732091,5444041697.971866
100000389,FHLBanks,Agency,AAA,LIN-BB+,61.87,FAILED,4.12742760505695,3.7146848445512552,44.70996911380945,1527952291.4817169,1489622376.5226717
100000390,FHLB,Agency,AAA,LIN-BB+,58.61,FAILED,3.5847641337623166,3.226287720386085,16.970763494689777,17817873363.369293,17855267027.25027
100000391,FFCB,Agency,AA+,LIN-BB+,57.01,FAILED,2.6730212980750627,2.4057191682675567,26.79311722678203,2843372006.309598,2904665710.734656
100000392,FHLB,Agency,AAA,LIN-BBB-,67.39,FAILED,9.586012302320635,8.627411072088572,24.138070673225712,5908510269.784379,6025800275.787926
100000393,FHLBanks,Agency,AA+,LIN-BB+,61.0,FAILED,6.666019138500454,5.999417224650409,15.339076097670674,15516701282.439566,15960067204.836185
100000394,FHLBanks,Agency,AAA,LIN-BB+,56.57,FAILED,2.050059768211762,1.8450537913905858,16.856571050414257,11521510978.518606,11171990882.451374
100000395,FHLB,Agency,AAA,LIN-BBB-,66.72,FAILED,8.65890831728796,7.793017485559164,39.16946416090026,5145734269.32267,5262052618.216999
100000396,TVA,Agency,AAA,LIN-BB+,57.92,FAILED,2.4044735036763116,2.1640261533086806,33.79371059030781,6338793418.694969,6459207613.669137
100000397,FHLBanks,Agency,AA+,LIN-BB+,60.22,FAILED,5.15657852255139,4.640920670296252,30.898217607906986,4096037187.336865,4065979809.3792787
100000398,TVA,Agency,AAA,LIN-BB+,64.8,FAILED,7.871243016014955,7.08411871441346,25.39676279449643,8732913209.762674,8746599642.639278
100000399,FHLBanks,Agency,AA+,LIN-BB+,61.85,FAILED,7.132035850050014,6.418832265045013,22.794844138208983,18267504796.733025,17835636067.45681
100000400,FFCB,Agency,AAA,LIN-BBB-,67.47,FAILED,9.000944356464377,8.10084992081794,38.715615308150205,3610807080.227611,3681044286.4056706
100000401,TVA,Agency,AAA,LIN-BB+,59.44,FAILED,4.165151535854125,3.748636382268713,17.43688904420018,19710595131.779377,19859054114.267506
100000402,FHLB,Agency,AAA,LIN-BBB-,65.18,FAILED,8.144043482505676,7.329639134255109,28.03084494423653,9774405162.947794,9482396514.134426
100000403,TVA,Agency,AAA,LIN-BBB-,65.84,FAILED,8.586185701440241,7.727567131296217,31.68572077890035,15814271827.97312,15810817327.057207
100000404,TVA,Agency,AA+,LIN-BB+,56.72,FAILED,2.488057144043159,2.2392514296388435,23.634938965548177,2716366746.258659,2772157488.7852283
100000405,TVA,Agency,AAA,LIN-BBB-,66.05,FAILED,7.976626137032231,7.178963523329008,21.561416667196177,2123031739.7741373,2138922716.3648572
100000406,FHLB,Agency,AAA,LIN-BBB-,67.37,FAILED,9.975273748714843,8.977746373843358,20.50357203450688,12042946080.038483,12288695392.372694
100000407,FHLBanks,Agency,AA+,LIN-BB+,61.89,FAILED,7.051002608386008,6.3459023475474075,27.791950704048674,11345439638.275625,11414758851.832418
100000408,FHLB,Agency,AA,LIN-BB+,63.64,REVIEW_REQUIRED,8.44783120694067,7.603048086246603,32.76050528367189,4147378536.020618,4152119463.044938
100000409,FFCB,Agency,AA+,LIN-BB+,59.21,FAILED,5.252724298875778,4.727451868988201,19.298443761079234,14628394487.332272,14579657836.538685
100000410,FHLB,Agency,AA,LIN-BB+,57.72,FAILED,4.463091056129995,4.016781950516996,40.12592502228167,12285148176.03634,12675229772.720993
100000411,FHLBanks,Agency,AAA,LIN-BB+,62.87,FAILED,6.7476910616377905,6.072921955474012,15.487303296283612,14889478822.289017,14846783034.562302
100000412,TVA,Agency,AAA,LIN-BBB-,66.08,FAILED,8.507475858594113,7.656728272734702,42.72762823809347,9360285228.66532,9752726766.836292
100000413,FHLBanks,Agency,AAA,LIN-BB+,57.31,FAILED,2.0002457507630593,1.8002211756867534,36.36411137641815,7897179640.917223,7775327343.737907
100000414,FHLB,Agency,AAA,LIN-BB+,63.29,FAILED,6.424895768466972,5.782406191620275,39.36774362971026,8207162597.620275,8296810129.430907
100000415,FFCB,Agency,AA+,LIN-BB+,59.96,FAILED,5.552828455252949,4.997545609727654,30.956152995150497,17576784741.965946,17598752046.00709
100000416,FHLB,Agency,AAA,LIN-BBB-,66.25,FAILED,8.876451175343494,7.988806057809144,32.76904113186287,14581253116.31496,14198421683.393333
100000417,FHLBanks,Agency,AAA,LIN-BBB-,66.31,FAILED,8.982875372525317,8.084587835272785,29.998769758943652,14977552757.927826,14874734601.061853
100000418,TVA,Agency,AAA,LIN-BB+,62.99,FAILED,5.936435915059205,5.342792323553285,38.89525559171125,5448639646.996862,5418285300.796245
100000419,FHLB,Agency,AAA,LIN-BB+,58.47,FAILED,2.6882572562635456,2.419431530637191,16.71080742010858,3015932035.361096,3004185121.7596774
100000420,FHLBanks,Agency,AA+,LIN-BBB-,65.63,REVIEW_REQUIRED,9.460356714819607,8.514321043337647,30.696391649126248,6357868919.504736,6163943805.522454
100000421,TVA,Agency,AAA,LIN-BB+,64.64,FAILED,7.841773742057994,7.057596367852194,25.94467410623396,13290842496.74104,13178345033.876396
100000422,FHLBanks,Agency,AAA,LIN-BBB-,67.1,FAILED,9.53261482187147,8.579353339684323,30.89141898325103,14761764219.609064,14915380485.353542
100000423,FFCB,Agency,AA+,LIN-BB+,60.46,FAILED,5.298237822653324,4.768414040387992,43.041897464649026,5807046489.272113,5766702897.923305
100000424,FFCB,Agency,AAA,LIN-BB+,62.31,FAILED,5.7338247501436035,5.160442275129244,17.301684805586557,4154902610.0249987,4154997908.1491914
100000425,FHLB,Agency,AA+,LIN-BB+,61.38,FAILED,5.536267367448988,4.98264063070409,34.44700406423539,2166162313.965168,2167479512.4849625
100000426,FHLBanks,Agency,AAA,LIN-BB+,62.21,FAILED,6.202067350252666,5.5818606152273995,18.33626242014656,17201789234.00808,17495216611.20358
100000427,TVA,Agency,AA+,LIN-BB+,61.17,FAILED,6.4189291025378745,5.777036192284087,32.85689198158205,17593384176.02833,17566348164.329605
100000428,FHLBanks,Agency,AAA,LIN-BBB-,65.14,FAILED,7.427135084024105,6.684421575621695,32.783128226105546,3899959941.7513275,3818846408.5008197
100000429,TVA,Agency,AAA,LIN-BB+,64.74,FAILED,6.692991346269301,6.023692211642372,39.853160128169726,2445681107.3414683,2523548379.4301524
100000430,FHLB,Agency,AA+,LIN-BB+,57.69,FAILED,3.56157731657506,3.2054195849175544,35.35473505951744,7359011117.608569,7138894331.660408
100000431,FFCB,Agency,AA,LIN-BB+,61.33,FAILED,7.3780054983535575,6.6402049485182015,29.43833853657711,16844951403.988253,16383825689.051897
100000432,TVA,Agency,AAA,LIN-BB+,57.73,FAILED,2.1928815472693346,1.9735933925424012,18.493767914451375,3402711356.5451765,3414828564.1503453
100000433,FHLBanks,Agency,AAA,LIN-BBB-,66.12,FAILED,8.610726487601493,7.749653838841344,32.64001390288885,7743870138.9343605,7708954889.8294
100000434,FHLB,Agency,AA+,LIN-BB+,60.0,FAILED,5.563092207822978,5.00678298704068,15.437014642538367,5687937720.961764,5700595194.10857
100000435,FFCB,Agency,AAA,LIN-BB+,57.61,FAILED,2.4766967788251497,2.229027100942635,33.13077959144313,15497498541.997662,15510153117.65609
100000436,FHLB,Agency,AAA,LIN-BB+,56.69,FAILED,2.098728368482992,1.8888555316346929,19.288826328022566,15271208868.426044,15103577225.234993
100000437,TVA,Agency,AA+,LIN-BB+,63.9,FAILED,8.713172864566019,7.841855578109417,19.359800772615124,10537454758.004871,10608238131.846106
100000438,FHLB,Agency,AAA,LIN-BB+,58.51,FAILED,2.9083251386102935,2.6174926247492643,42.52629028961234,14942441877.116934,15778413644.710564
100000439,FFCB,Agency,AAA,LIN-BB+,59.33,FAILED,3.359096585752458,3.0231869271772123,18.80833241264918,3226518846.3127165,3342391806.67999
100000440,FHLBanks,Agency,AA,LIN-BB+,61.55,FAILED,7.830289778052608,7.047260800247347,16.409189732944192,18535145065.401997,18632983254.348114
100000441,ABS Trust 2023-9,ABS,AAA,LIN-BBB-,65.94,FAILED,5.908101004144627,4.135670702901239,52.400504484488884,1351878815.5550704,1338429015.543656
100000442,ABS Trust 2021-5,ABS,AAA,LIN-BB+,63.54,FAILED,3.6787596967579734,2.575131787730581,67.90316374415838,2519296513.770547,2493785113.2412148
100000443,ABS Trust 2020-7,ABS,AAA,LIN-BBB,71.71,REVIEW_REQUIRED,8.476980685489515,5.93388647984266,149.25146201619714,1100616727.528915,1101676286.8928826
100000444,ABS Trust 2022-7,ABS,AAA,LIN-BBB-,67.64,FAILED,7.285930359857107,5.100151251899975,51.667581348983916,974998516.2528708,986933744.2180645
100000445,ABS Trust 2021-1,ABS,AAA,LIN-BBB+,72.14,REVIEW_REQUIRED,9.70037874463464,6.790265121244248,139.0138053446914,2190217556.542946,2130687777.2476254
100000446,ABS Trust 2021-3,ABS,AA,LIN-BB+,63.66,REVIEW_REQUIRED,5.772006764699307,4.040404735289514,63.300979890732876,886406578.2533543,896841908.4357738
100000447,ABS Trust 2022-2,ABS,AAA,LIN-BBB-,67.35,FAILED,7.029154000480574,4.920407800336402,66.14578340642402,1748804347.1761642,1679349593.7960975
100000448,ABS Trust 2023-3,ABS,AA,LIN-BB+,64.64,REVIEW_REQUIRED,5.483822988802139,3.838676092161497,128.02126485356337,1943321325.257523,1909732302.6385057
100000449,ABS Trust 2020-1,ABS,AA,LIN-BB+,61.65,FAILED,3.932274879672664,2.7525924157708648,76.13330178853838,1557441679.4344902,1547748682.2927132
100000450,ABS Trust 2021-9,ABS,AAA,LIN-BB+,64.9,FAILED,4.698047862516776,3.288633503761743,59.13088025446702,1279307395.975954,1296724009.9763088
100000451,ABS Trust 2020-1,ABS,AA,LIN-BBB-,67.47,REVIEW_REQUIRED,9.031654192893708,6.322157935025595,107.71170823879065,2708733002.1424,2726646138.6546063
100000452,ABS Trust 2022-9,ABS,AA,LIN-BB+,64.87,REVIEW_REQUIRED,7.004860746055444,4.90340252223881,68.07851505623796,1157242099.4081268,1171994037.5754952
100000453,ABS Trust 2023-9,ABS,AAA,LIN-BB+,63.98,FAILED,3.5710244792795613,2.499717135495693,58.778823705815995,895461866.9182004,929573650.8941461
100000454,ABS Trust 2020-4,ABS,AAA,LIN-BBB,69.03,FAILED,7.545651741656357,5.28195621915945,116.88765310406853,2611666558.673741,2496639450.891591
100000455,ABS Trust 2021-9,ABS,A,LIN-BB+,63.66,PASSED,9.158266816060404,6.410786771242282,54.92209145407616,1102412567.5953667,1077702132.1862407
100000456,ABS Trust 2020-4,ABS,AAA,LIN-BBB,68.69,FAILED,6.500407814337607,4.550285470036325,117.48932030541548,1115048519.5822341,1097665960.1875741
100000457,ABS Trust 2022-5,ABS,A,LIN-BB+,64.12,PASSED,9.54180716500861,6.679265015506027,80.33855436291331,2371625847.64887,2454727282.492224
100000458,ABS Trust 2020-2,ABS,AAA,LIN-BBB,70.82,REVIEW_REQUIRED,9.756467469820146,6.829527228874102,92.81839398671728,2046163863.62136,2080048021.0560908
100000459,ABS Trust 2021-3,ABS,AA,LIN-BBB-,66.07,REVIEW_REQUIRED,6.663850295472303,4.664695206830611,142.1513391907418,2507390841.8888884,2530194027.5216975
100000460,ABS Trust 2021-1,ABS,AA,LIN-BBB-,67.52,REVIEW_REQUIRED,7.604013030931674,5.322809121652171,114.15685666849944,565666843.9181831,563924497.7243367
100000461,ABS Trust 2022-1,ABS,AA,LIN-BB+,64.21,REVIEW_REQUIRED,5.117264222230288,3.5820849555612013,135.86981212445738,2611519613.614968,2643077343.4244776
100000462,ABS Trust 2020-9,ABS,A,LIN-BB+,59.44,REVIEW_REQUIRED,3.3764061816338837,2.3634843271437185,116.93569842407483,1060911856.1236793,1078199820.7898886
100000463,ABS Trust 2022-8,ABS,AA,LIN-BBB-,66.75,REVIEW_REQUIRED,9.098761391790568,6.369132974253397,78.94408949682082,2451641707.6161137,2458038636.641697
100000464,ABS Trust 2022-6,ABS,AA,LIN-BB+,64.18,REVIEW_REQUIRED,5.150019536729481,3.6050136757106364,135.9679585080333,2895111988.233334,2898680457.38853
100000465,ABS Trust 2022-4,ABS,AA,LIN-BB+,64.96,REVIEW_REQUIRED,7.04479580058005,4.931357060406035,80.78741252743674,1676714976.6867805,1693000198.5449033
100000466,ABS Trust 2022-1,ABS,A,LIN-BB+,59.14,REVIEW_REQUIRED,5.12969304679037,3.590785132753259,63.924684459410955,1986194702.6506813,2030021324.8986382
100000467,ABS Trust 2022-3,ABS,AAA,LIN-BBB,70.45,REVIEW_REQUIRED,7.407398414570149,5.185178890199103,136.34846083691153,821045179.7685103,830719869.1275957
100000468,ABS Trust 2020-1,ABS,A,LIN-BB+,57.77,REVIEW_REQUIRED,3.3931340693231915,2.375193848526234,75.56390937953616,1805460215.5452163,1818909122.4985497
100000469,ABS Trust 2021-8,ABS,AAA,LIN-BBB-,66.98,FAILED,5.777285395188706,4.044099776632094,97.40062659484451,1626833414.286185,1628166535.182786
100000470,ABS Trust 2021-3,ABS,AAA,LIN-BBB,71.52,REVIEW_REQUIRED,9.265396227998831,6.485777359599181,135.32424691971175,2165517007.1214113,2183866445.3284774
100000471,ABS Trust 2020-4,ABS,AA,LIN-BB+,60.85,FAILED,3.011506299787148,2.1080544098510035,87.6414962520694,1957583582.050492,1926903702.3976836
100000472,ABS Trust 2021-6,ABS,AA,LIN-BBB-,66.41,REVIEW_REQUIRED,8.19604562040863,5.73723193428604,66.78145956460287,803302368.3694061,800908940.5249652
100000473,ABS Trust 2021-1,ABS,AA,LIN-BBB-,66.34,REVIEW_REQUIRED,8.031026792835416,5.621718754984791,61.06035988731608,597697211.2587717,588975577.016191
100000474,ABS Trust 2020-7,ABS,AAA,LIN-BBB,70.92,REVIEW_REQUIRED,8.705504704730647,6.093853293311453,137.7452126603169,2428340677.7781186,2432958753.146896
100000475,ABS Trust 2022-8,ABS,AAA,LIN-BBB-,66.61,FAILED,4.956117151232318,3.4692820058626226,128.25001443802935,2718508479.947731,2716256316.6047564
100000476,ABS Trust 2020-3,ABS,AA,LIN-BB+,60.33,FAILED,3.8531565124696856,2.6972095587287797,51.827506972350626,2686407590.6941867,2760338381.4454765
100000477,ABS Trust 2020-6,ABS,AAA,LIN-BBB,71.95,REVIEW_REQUIRED,9.842473807462252,6.889731665223576,130.78656456839812,2338322846.228471,2343524860.7798657
100000478,ABS Trust 2021-1,ABS,AA,LIN-BB+,63.77,REVIEW_REQUIRED,5.202402362546391,3.6416816537824737,117.40175348839674,2622958266.468251,2610787160.380956
100000479,ABS Trust 2020-4,ABS,AA,LIN-BBB-,67.06,REVIEW_REQUIRED,9.05256648221922,6.336796537553454,61.86606144745388,907439178.8605751,929691280.3398106
100000480,ABS Trust 2021-8,ABS,AAA,LIN-BB+,64.15,FAILED,4.48599949168014,3.1401996441760978,61.55583766806318,2573350864.019558,2591052307.464099
100000481,CMBS Trust 2021-7,CMBS,A,LIN-BB+,63.59,PASSED,7.1455497953200835,5.001884856724058,120.09353650179992,1034760363.0234364,985683927.5045035
100000482,CMBS Trust 2020-6,CMBS,AAA,LIN-BB+,64.34,FAILED,3.827556884507219,2.679289819155053,90.14976105648763,2451928699.435597,2482821344.907641
100000483,CMBS Trust 2020-2,CMBS,AAA,LIN-BBB,68.08,FAILED,8.344610905677484,5.841227633974238,60.868253937469206,3015759318.9744234,2953143943.4781923
100000484,CMBS Trust 2022-2,CMBS,AA,LIN-BB+,64.42,REVIEW_REQUIRED,6.151977386820681,4.306384170774476,103.11094963375277,2389802721.6814685,2364294165.511968
100000485,CMBS Trust 2021-2,CMBS,AA,LIN-BBB-,66.9,REVIEW_REQUIRED,7.82167352512991,5.475171467590936,105.19363610604665,1119665174.7671216,1104595488.5383828
100000486,CMBS Trust 2023-8,CMBS,AA,LIN-BBB-,65.39,REVIEW_REQUIRED,7.105582467262141,4.973907727083499,102.6082518417403,2355661518.1542974,2398277137.875513
100000487,CMBS Trust 2020-9,CMBS,AA,LIN-BB+,64.67,REVIEW_REQUIRED,7.787090874363224,5.450963612054256,52.53486042639385,2122834499.4955482,2225117221.0236244
100000488,CMBS Trust 2021-9,CMBS,AAA,LIN-BB+,63.91,FAILED,3.5640656860055953,2.4948459802039165,64.71632510949453,1244767676.6199236,1244943088.7396092
100000489,CMBS Trust 2023-8,CMBS,AAA,LIN-BBB,68.62,FAILED,8.00286972665014,5.602008808655097,74.02194332083856,1585980212.0472894,1609428347.7306125
100000490,CMBS Trust 2023-5,CMBS,AA,LIN-BB+,64.4,REVIEW_REQUIRED,7.195610950103904,5.036927665072732,70.12637881344725,2871572999.4302917,2725591554.4894276
100000491,CMBS Trust 2023-5,CMBS,AAA,LIN-BBB,69.26,FAILED,9.108381198401275,6.375866838880892,58.710928946143405,1722254395.927724,1718461104.180107
100000492,CMBS Trust 2022-2,CMBS,AA,LIN-BBB,68.47,REVIEW_REQUIRED,9.42054414277404,6.594380899941827,105.3558532662358,1203250560.5465841,1248080010.7526515
100000493,CMBS Trust 2023-5,CMBS,A,LIN-BB+,62.01,REVIEW_REQUIRED,7.209688494819943,5.04678194637396,83.92202983917838,1885970863.6046867,1861488621.7768736
100000494,CMBS Trust 2023-7,CMBS,AAA,LIN-BBB-,67.64,FAILED,5.498877006280647,3.849213904396453,113.47441411040296,971789458.6024581,966049512.1349365
100000495,CMBS Trust 2022-3,CMBS,AAA,LIN-BBB,71.38,REVIEW_REQUIRED,9.770898332592083,6.839628832814458,121.51250198168879,2838991882.1494718,2892837081.34949
100000496,CMBS Trust 2020-8,CMBS,AA,LIN-BBB-,66.77,REVIEW_REQUIRED,7.764706612580159,5.435294628806111,116.67315298575897,1755090426.683069,1777426857.6126554
100000497,CMBS Trust 2023-2,CMBS,AAA,LIN-BBB-,65.78,FAILED,4.072011500587694,2.8504080504113856,122.81164373361663,1996530367.1149585,2000628525.2489574
100000498,CMBS Trust 2021-6,CMBS,AA,LIN-BB+,64.69,REVIEW_REQUIRED,6.480777206136146,4.536544044295302,67.84160965634958,775961841.2755017,770387536.4333918
100000499,CMBS Trust 2023-5,CMBS,AA,LIN-BB+,62.4,REVIEW_REQUIRED,3.6169410168368406,2.5318587117857883,127.67984372086308,2588595721.4624233,2618869082.636841
100000500,CMBS Trust 2020-9,CMBS,AA,LIN-BBB-,65.49,REVIEW_REQUIRED,7.447263426958247,5.213084398870772,69.64869669562111,1027451185.5073042,1029364655.1310487
